Date,Narration,Debit,Credit,Balance
01-04-2025,NEFT-INW-642952-National Spares Store,0.0,71495.48,156495.48
01-04-2025,SALARY DISBURSEMENT STAFF BATCH,45000.0,0.0,111495.48
02-04-2025,UPI/804452742/Sharma Auto Works/SBI,0.0,32883.19,144378.67
03-04-2025,NEFT-INW-794740-Global Precision Corp,0.0,92253.57,236632.24
03-04-2025,NEFT-OUT-27358-Shree Polychem Wholesalers,87415.23,0.0,149217.01
04-04-2025,NEFT-OUT-87448-Shree Polychem Wholesalers,69545.24,0.0,79671.77
05-04-2025,NEFT-INW-731487-National Spares Store,0.0,87313.19,166984.96
05-04-2025,ACH-DR/BAJAJ_FINSERV_LOAN_EMI/981240,95000.0,0.0,71984.96
06-04-2025,NEFT-OUT-48793-Standard Engineering Co,35634.55,0.0,36350.41
07-04-2025,NEFT-INW-538818-Kavita Enterprises,0.0,276487.73,312838.14
07-04-2025,NEFT-OUT-67271-Om Shanti Hardware,79080.34,0.0,233757.8
08-04-2025,UPI/179522650/Sharma Auto Works/SBI,0.0,23305.13,257062.93
08-04-2025,NEFT-OUT-24900-Apex Tools & Dies,49614.8,0.0,207448.13
10-04-2025,NEFT-OUT-84543-Metro Logistics Hub,113037.17,0.0,94410.96
11-04-2025,NEFT-INW-295613-Sharma Auto Works,0.0,181282.41,275693.37
12-04-2025,UPI/538504556/Sharma Auto Works/SBI,0.0,40073.92,315767.29
12-04-2025,NEFT-OUT-63774-Om Shanti Hardware,177563.27,0.0,138204.02
14-04-2025,UPI/538205200/Sharma Auto Works/SBI,0.0,8806.96,147010.98
16-04-2025,UPI/829070309/Global Precision Corp/SBI,0.0,33036.96,180047.94
17-04-2025,NEFT-OUT-73274-Standard Engineering Co,110517.86,0.0,69530.08
18-04-2025,UPI/495065408/Sharma Auto Works/SBI,0.0,25335.33,94865.41
18-04-2025,NEFT-OUT-57537-Shree Polychem Wholesalers,180201.62,0.0,-85336.21
18-04-2025,INWARD CHQ RETURN / INSUFFICIENT FUNDS CHARGES,590.0,0.0,-85926.21
19-04-2025,NEFT-OUT-11902-Apex Tools & Dies,65725.64,0.0,-151651.85
20-04-2025,INWARD CHQ RETURN / INSUFFICIENT FUNDS CHARGES,590.0,0.0,-152241.85
22-04-2025,NEFT-INW-451213-Sharma Auto Works,0.0,58319.82,-93922.03
23-04-2025,NEFT-OUT-10595-Standard Engineering Co,176271.18,0.0,-270193.21
24-04-2025,NEFT-OUT-84416-Apex Tools & Dies,104945.66,0.0,-375138.87
24-04-2025,INWARD CHQ RETURN / INSUFFICIENT FUNDS CHARGES,590.0,0.0,-375728.87
25-04-2025,UPI/619485779/Local Retail Counter UPI/SBI,0.0,35341.23,-340387.64
26-04-2025,UPI/717601885/National Spares Store/SBI,0.0,35997.07,-304390.57
28-04-2025,UPI/825517302/Bright Electronics/SBI,0.0,10719.7,-293670.87
29-04-2025,UPI/905011195/Local Retail Counter UPI/SBI,0.0,21082.77,-272588.1
30-04-2025,NEFT-OUT-46245-Shree Polychem Wholesalers,168850.47,0.0,-441438.57
01-05-2025,UPI/387267950/National Spares Store/SBI,0.0,42108.96,-399329.61
01-05-2025,NEFT-OUT-47837-Om Shanti Hardware,145740.64,0.0,-545070.25
01-05-2025,SALARY DISBURSEMENT STAFF BATCH,45000.0,0.0,-590070.25
02-05-2025,NEFT-INW-235046-Bright Electronics,0.0,166566.9,-423503.35
02-05-2025,NEFT-OUT-93150-Jindal Steels Ltd,135810.21,0.0,-559313.56
03-05-2025,NEFT-INW-810638-Sharma Auto Works,0.0,143635.51,-415678.05
03-05-2025,NEFT-OUT-50910-Shree Polychem Wholesalers,184269.7,0.0,-599947.75
04-05-2025,UPI/701054456/Kavita Enterprises/SBI,0.0,21930.37,-578017.38
04-05-2025,NEFT-OUT-85395-Metro Logistics Hub,85681.89,0.0,-663699.27
05-05-2025,NEFT-OUT-91894-Shree Polychem Wholesalers,88814.03,0.0,-752513.3
05-05-2025,ACH-DR/BAJAJ_FINSERV_LOAN_EMI/981240,95000.0,0.0,-847513.3
06-05-2025,NEFT-OUT-31241-Apex Tools & Dies,152912.02,0.0,-1000425.32
07-05-2025,NEFT-OUT-91426-Standard Engineering Co,167172.12,0.0,-1167597.44
09-05-2025,UPI/876044975/National Spares Store/SBI,0.0,35699.56,-1131897.88
10-05-2025,NEFT-OUT-94353-Om Shanti Hardware,32480.05,0.0,-1164377.93
11-05-2025,NEFT-OUT-94109-Standard Engineering Co,43684.6,0.0,-1208062.53
12-05-2025,UPI/943760097/Kavita Enterprises/SBI,0.0,22295.49,-1185767.04
13-05-2025,UPI/481338880/Local Retail Counter UPI/SBI,0.0,10765.65,-1175001.39
15-05-2025,NEFT-OUT-95539-Jindal Steels Ltd,82029.27,0.0,-1257030.66
16-05-2025,NEFT-OUT-41930-Metro Logistics Hub,213001.17,0.0,-1470031.83
16-05-2025,INWARD CHQ RETURN / INSUFFICIENT FUNDS CHARGES,590.0,0.0,-1470621.83
18-05-2025,NEFT-INW-195479-Kavita Enterprises,0.0,224891.87,-1245729.96
19-05-2025,NEFT-INW-626964-Kavita Enterprises,0.0,63242.31,-1182487.65
19-05-2025,NEFT-OUT-61970-Om Shanti Hardware,149333.3,0.0,-1331820.95
21-05-2025,INWARD CHQ RETURN / INSUFFICIENT FUNDS CHARGES,590.0,0.0,-1332410.95
22-05-2025,NEFT-INW-404633-Sharma Auto Works,0.0,222029.01,-1110381.94
23-05-2025,NEFT-OUT-55425-Shree Polychem Wholesalers,64489.55,0.0,-1174871.49
25-05-2025,NEFT-INW-528318-Bright Electronics,0.0,141460.47,-1033411.02
25-05-2025,NEFT-OUT-90500-Apex Tools & Dies,108513.14,0.0,-1141924.16
26-05-2025,NEFT-INW-581108-Sharma Auto Works,0.0,235533.05,-906391.11
27-05-2025,INWARD CHQ RETURN / INSUFFICIENT FUNDS CHARGES,590.0,0.0,-906981.11
29-05-2025,NEFT-INW-308120-National Spares Store,0.0,178984.1,-727997.01
30-05-2025,NEFT-OUT-74254-Metro Logistics Hub,57138.47,0.0,-785135.48
31-05-2025,NEFT-OUT-71674-Om Shanti Hardware,171797.24,0.0,-956932.72
01-06-2025,NEFT-OUT-85301-Shree Polychem Wholesalers,205704.13,0.0,-1162636.85
01-06-2025,SALARY DISBURSEMENT STAFF BATCH,45000.0,0.0,-1207636.85
05-06-2025,ACH-DR/BAJAJ_FINSERV_LOAN_EMI/981240,95000.0,0.0,-1302636.85
06-06-2025,UPI/603977487/Kavita Enterprises/SBI,0.0,9664.0,-1292972.85
07-06-2025,NEFT-INW-191963-Global Precision Corp,0.0,104958.74,-1188014.11
07-06-2025,NEFT-OUT-32117-Jindal Steels Ltd,209389.35,0.0,-1397403.46
09-06-2025,UPI/243509250/National Spares Store/SBI,0.0,7945.35,-1389458.11
10-06-2025,NEFT-INW-778669-Bright Electronics,0.0,213518.33,-1175939.78
10-06-2025,NEFT-OUT-92085-Apex Tools & Dies,173031.23,0.0,-1348971.01
11-06-2025,NEFT-OUT-69041-Standard Engineering Co,81129.15,0.0,-1430100.16
12-06-2025,NEFT-OUT-36812-Shree Polychem Wholesalers,56794.64,0.0,-1486894.8
13-06-2025,UPI/428419789/Sharma Auto Works/SBI,0.0,27555.25,-1459339.55
15-06-2025,UPI/177772873/Local Retail Counter UPI/SBI,0.0,34024.24,-1425315.31
16-06-2025,UPI/298124574/Local Retail Counter UPI/SBI,0.0,13040.3,-1412275.01
17-06-2025,NEFT-INW-330842-Sharma Auto Works,0.0,179032.15,-1233242.86
18-06-2025,UPI/622760862/Local Retail Counter UPI/SBI,0.0,18029.72,-1215213.14
18-06-2025,NEFT-OUT-13598-Apex Tools & Dies,139222.11,0.0,-1354435.25
19-06-2025,UPI/851720493/Sharma Auto Works/SBI,0.0,11755.61,-1342679.64
20-06-2025,NEFT-OUT-98529-Shree Polychem Wholesalers,211326.11,0.0,-1554005.75
21-06-2025,UPI/559111433/Kavita Enterprises/SBI,0.0,29332.35,-1524673.4
21-06-2025,NEFT-OUT-65156-Metro Logistics Hub,209234.4,0.0,-1733907.8
23-06-2025,NEFT-INW-446431-Global Precision Corp,0.0,73332.31,-1660575.49
23-06-2025,NEFT-OUT-66823-Standard Engineering Co,188253.85,0.0,-1848829.34
24-06-2025,UPI/640602334/Local Retail Counter UPI/SBI,0.0,28531.36,-1820297.98
25-06-2025,NEFT-OUT-42646-Apex Tools & Dies,122173.86,0.0,-1942471.84
28-06-2025,UPI/817247113/National Spares Store/SBI,0.0,15270.97,-1927200.87
29-06-2025,NEFT-OUT-61517-Jindal Steels Ltd,146488.35,0.0,-2073689.22
30-06-2025,NEFT-OUT-24411-Metro Logistics Hub,114158.92,0.0,-2187848.14
01-07-2025,SALARY DISBURSEMENT STAFF BATCH,45000.0,0.0,-2232848.14
05-07-2025,ACH-DR/BAJAJ_FINSERV_LOAN_EMI/981240,95000.0,0.0,-2327848.14
06-07-2025,NEFT-OUT-35392-Jindal Steels Ltd,37211.64,0.0,-2365059.78
08-07-2025,NEFT-INW-961933-Sharma Auto Works,0.0,62244.7,-2302815.08
08-07-2025,INWARD CHQ RETURN / INSUFFICIENT FUNDS CHARGES,590.0,0.0,-2303405.08
09-07-2025,UPI/320972230/Bright Electronics/SBI,0.0,35542.47,-2267862.61
09-07-2025,NEFT-OUT-82848-Standard Engineering Co,200179.27,0.0,-2468041.88
10-07-2025,NEFT-OUT-38267-Apex Tools & Dies,211480.56,0.0,-2679522.44
11-07-2025,NEFT-OUT-33162-Om Shanti Hardware,217565.41,0.0,-2897087.85
12-07-2025,UPI/676655968/Local Retail Counter UPI/SBI,0.0,38715.1,-2858372.75
12-07-2025,NEFT-OUT-82345-Apex Tools & Dies,145471.4,0.0,-3003844.15
13-07-2025,NEFT-INW-672382-Kavita Enterprises,0.0,260124.83,-2743719.32
13-07-2025,NEFT-OUT-46308-Standard Engineering Co,214447.88,0.0,-2958167.2
14-07-2025,UPI/680892902/Kavita Enterprises/SBI,0.0,23862.37,-2934304.83
15-07-2025,NEFT-OUT-52614-Om Shanti Hardware,145202.64,0.0,-3079507.47
17-07-2025,UPI/945691602/Sharma Auto Works/SBI,0.0,15558.54,-3063948.93
18-07-2025,NEFT-INW-643468-Sharma Auto Works,0.0,132951.6,-2930997.33
19-07-2025,UPI/410072040/Bright Electronics/SBI,0.0,44574.16,-2886423.17
21-07-2025,NEFT-INW-393599-Bright Electronics,0.0,228911.76,-2657511.41
21-07-2025,NEFT-OUT-30033-Apex Tools & Dies,93714.15,0.0,-2751225.56
22-07-2025,NEFT-OUT-90781-Shree Polychem Wholesalers,183711.34,0.0,-2934936.9
24-07-2025,NEFT-INW-135631-Sharma Auto Works,0.0,77829.54,-2857107.36
24-07-2025,NEFT-OUT-33366-Standard Engineering Co,87833.02,0.0,-2944940.38
26-07-2025,NEFT-OUT-67854-Standard Engineering Co,115371.5,0.0,-3060311.88
27-07-2025,UPI/811034000/National Spares Store/SBI,0.0,13099.63,-3047212.25
28-07-2025,NEFT-OUT-63014-Om Shanti Hardware,187884.53,0.0,-3235096.78
29-07-2025,NEFT-INW-772753-National Spares Store,0.0,193266.87,-3041829.91
01-08-2025,UPI/143023454/Local Retail Counter UPI/SBI,0.0,31634.69,-3010195.22
01-08-2025,SALARY DISBURSEMENT STAFF BATCH,45000.0,0.0,-3055195.22
03-08-2025,NEFT-INW-164375-Kavita Enterprises,0.0,209880.75,-2845314.47
04-08-2025,UPI/292445725/Kavita Enterprises/SBI,0.0,20569.52,-2824744.95
05-08-2025,UPI/709462228/Local Retail Counter UPI/SBI,0.0,34905.15,-2789839.8
05-08-2025,ACH-DR/BAJAJ_FINSERV_LOAN_EMI/981240,95000.0,0.0,-2884839.8
06-08-2025,UPI/342314121/Global Precision Corp/SBI,0.0,9305.5,-2875534.3
10-08-2025,NEFT-OUT-27361-Shree Polychem Wholesalers,96151.58,0.0,-2971685.88
13-08-2025,NEFT-INW-682487-Bright Electronics,0.0,155047.84,-2816638.04
13-08-2025,NEFT-OUT-43076-Standard Engineering Co,189830.26,0.0,-3006468.3
14-08-2025,NEFT-INW-196101-National Spares Store,0.0,219804.85,-2786663.45
15-08-2025,NEFT-INW-367644-Bright Electronics,0.0,196419.35,-2590244.1
17-08-2025,NEFT-OUT-96601-Standard Engineering Co,70508.78,0.0,-2660752.88
18-08-2025,UPI/675087000/Global Precision Corp/SBI,0.0,44033.73,-2616719.15
19-08-2025,NEFT-OUT-82495-Jindal Steels Ltd,207590.89,0.0,-2824310.04
21-08-2025,UPI/793514543/Global Precision Corp/SBI,0.0,42144.02,-2782166.02
23-08-2025,UPI/430533249/Kavita Enterprises/SBI,0.0,8749.07,-2773416.95
25-08-2025,UPI/263414457/Bright Electronics/SBI,0.0,37079.3,-2736337.65
25-08-2025,NEFT-OUT-91772-Standard Engineering Co,203282.85,0.0,-2939620.5
28-08-2025,NEFT-OUT-45951-Jindal Steels Ltd,205552.63,0.0,-3145173.13
30-08-2025,NEFT-INW-121296-National Spares Store,0.0,113243.43,-3031929.7
30-08-2025,NEFT-OUT-80912-Shree Polychem Wholesalers,135193.82,0.0,-3167123.52
01-09-2025,NEFT-OUT-73864-Standard Engineering Co,160532.37,0.0,-3327655.89
01-09-2025,SALARY DISBURSEMENT STAFF BATCH,45000.0,0.0,-3372655.89
02-09-2025,UPI/277536097/Sharma Auto Works/SBI,0.0,39646.92,-3333008.97
03-09-2025,UPI/872568545/Sharma Auto Works/SBI,0.0,29410.79,-3303598.18
04-09-2025,UPI/267288949/Kavita Enterprises/SBI,0.0,12814.15,-3290784.03
05-09-2025,ACH-DR/BAJAJ_FINSERV_LOAN_EMI/981240,95000.0,0.0,-3385784.03
09-09-2025,UPI/107954798/Local Retail Counter UPI/SBI,0.0,14767.87,-3371016.16
11-09-2025,INWARD CHQ RETURN / INSUFFICIENT FUNDS CHARGES,590.0,0.0,-3371606.16
12-09-2025,UPI/380511553/Local Retail Counter UPI/SBI,0.0,26358.42,-3345247.74
12-09-2025,NEFT-OUT-30546-Jindal Steels Ltd,73481.46,0.0,-3418729.2
13-09-2025,NEFT-OUT-35877-Jindal Steels Ltd,39635.55,0.0,-3458364.75
16-09-2025,NEFT-OUT-48270-Om Shanti Hardware,126731.55,0.0,-3585096.3
17-09-2025,UPI/273460544/Kavita Enterprises/SBI,0.0,22661.89,-3562434.41
18-09-2025,UPI/948686714/National Spares Store/SBI,0.0,47377.26,-3515057.15
18-09-2025,NEFT-OUT-63141-Om Shanti Hardware,89926.05,0.0,-3604983.2
19-09-2025,NEFT-OUT-66297-Metro Logistics Hub,73297.64,0.0,-3678280.84
21-09-2025,UPI/143283455/Sharma Auto Works/SBI,0.0,47345.93,-3630934.91
21-09-2025,NEFT-OUT-79073-Metro Logistics Hub,128418.61,0.0,-3759353.52
23-09-2025,NEFT-INW-779786-National Spares Store,0.0,264641.69,-3494711.83
24-09-2025,UPI/815119108/Global Precision Corp/SBI,0.0,7554.69,-3487157.14
24-09-2025,NEFT-OUT-36774-Apex Tools & Dies,198522.18,0.0,-3685679.32
25-09-2025,NEFT-OUT-59359-Apex Tools & Dies,76099.31,0.0,-3761778.63
27-09-2025,NEFT-OUT-43013-Standard Engineering Co,174205.47,0.0,-3935984.1
